Date,Open,High,Low,Close,Adj Close,Volume
1/2/2015,172.199997,173,170.600006,173,147.50827,3963002
1/5/2015,173.5,178.5,172.199997,177.300003,151.174683,9582837
1/6/2015,175.300003,180,175.100006,177.600006,151.430466,8087451
1/7/2015,176.300003,180.899994,176.300003,179.300003,152.879959,9157889
1/8/2015,180.5,180.600006,177.300003,177.800003,151.600967,4857934
1/9/2015,179.5,179.699997,176.699997,177,150.918839,4501116
1/12/2015,178.300003,179.199997,176.399994,178.600006,152.283127,4731740
1/13/2015,178.800003,179.800003,178,179.399994,152.965225,4755353
1/14/2015,179.300003,179.899994,177.699997,177.899994,151.686264,4054415
1/15/2015,177.899994,178.800003,177.300003,178.199997,151.942032,4165901
1/16/2015,178.300003,178.699997,177.300003,177.399994,151.259918,2603830
1/19/2015,177,178,173.600006,174.699997,148.957779,7362837
1/20/2015,174,178.300003,174,176.300003,150.322021,4106882
1/21/2015,177,178.199997,176.199997,177.5,151.3452,4054662
1/22/2015,177.899994,179,177.600006,177.899994,151.686264,4739419
1/23/2015,179.600006,179.699997,178.399994,179.300003,152.879959,5399298
1/26/2015,179.399994,182,178.100006,181.800003,155.011597,8691249
1/27/2015,182,182,180,180.100006,153.562088,5476881
1/28/2015,180,181.5,179.199997,179.399994,152.965225,3488977
1/29/2015,178.899994,180.600006,177.899994,178.300003,152.027313,3584635
1/30/2015,179.300003,180,178.199997,178.600006,152.283127,3995925
2/2/2015,178.600006,179.100006,177.899994,179.100006,152.709442,3329960
2/3/2015,180,180,177.5,178.699997,152.368378,2521756
2/4/2015,179.5,179.899994,177.399994,178.300003,152.027313,2507849
2/5/2015,179.699997,180,176.5,178,151.771515,3872452
2/6/2015,178.800003,178.800003,177,177.699997,151.515732,1607862
2/9/2015,177,177.600006,176.100006,177,150.918839,2442824
2/10/2015,177.5,177.5,174.100006,176.5,150.492523,3627605
2/11/2015,176.600006,177.199997,175.300003,175.600006,149.725159,2812846
2/12/2015,175.600006,177,175.300003,176.100006,150.151489,3137699
2/13/2015,176.899994,176.899994,175.5,176.300003,150.322021,2726814
2/16/2015,177,178,176.5,176.699997,150.663101,1407702
2/17/2015,177.5,178,176.5,177.300003,151.174683,1940596
2/18/2015,177.5,178.199997,176.899994,177.100006,151.004135,1437927
2/23/2015,178.600006,178.600006,176,177.600006,151.430466,2495095
2/24/2015,176.699997,177.899994,176.699997,177.5,151.3452,1750838
2/25/2015,177.899994,178.300003,176.600006,177.600006,151.430466,2935681
2/26/2015,177.800003,180.100006,177,179.899994,153.391525,5910515
2/27/2015,180.300003,180.899994,178.399994,179,152.624161,4127378
3/2/2015,179.5,179.899994,178,179,152.624161,2925345
3/3/2015,179,179.199997,177.899994,178.199997,151.942032,2573565
3/4/2015,177.699997,178.800003,176.600006,177.300003,151.174683,3617570
3/5/2015,176.600006,178.300003,175.699997,175.800003,149.895691,4880813
3/6/2015,177.300003,177.300003,176,176.100006,150.151489,3455888
3/9/2015,175,176.899994,174.899994,176.300003,150.322021,2870676
3/10/2015,177,177.100006,175.300003,175.800003,149.895691,2730116
3/11/2015,174.5,176.899994,174.5,175.300003,149.46936,2227305
3/12/2015,176.399994,176.399994,175.199997,175.600006,149.725159,2074106
3/13/2015,175.5,176.800003,175,175.100006,149.298859,2078448
3/16/2015,175,175.800003,174.100006,175,149.213577,2115730
3/17/2015,176.399994,176.399994,175,175.300003,149.46936,1783375
3/18/2015,175.699997,176.899994,174.899994,175.899994,149.980942,2812252
3/19/2015,177,177,176,176.399994,150.407288,2494869
3/20/2015,176.899994,177.600006,176,176.899994,150.833618,3099845
3/23/2015,177.899994,182,177.899994,182,155.182129,12021161
3/24/2015,182.600006,182.600006,180.100006,180.800003,154.158951,5629421
3/25/2015,181.5,181.5,179.399994,179.800003,153.306335,3201109
3/26/2015,179.100006,180.399994,177.800003,178.300003,152.027313,4501288
3/27/2015,179.5,179.5,178,178.800003,152.453659,2172350
3/30/2015,181,193.300003,180.699997,193,164.561264,40986829
3/31/2015,195,199.199997,189.699997,190,162.003311,22764135
4/1/2015,189.899994,196.5,189.899994,195.5,166.692886,13171938
4/2/2015,196.300003,197,194.899994,196,167.119202,9075569
4/8/2015,202,220,202,220,187.582748,44637745
4/9/2015,250,250,230,239.600006,204.294724,46069230
4/10/2015,245,249.399994,236,249,212.309586,32113967
4/13/2015,251,300,250.399994,297,253.23674,67789083
4/14/2015,288.399994,297.399994,282,285.600006,243.516571,42061860
4/15/2015,283,294.799988,283,285.200012,243.175476,23069198
4/16/2015,289,291.600006,278.399994,286.399994,244.198715,29487374
4/17/2015,286.600006,288.600006,283.200012,283.600006,241.811264,14161421
4/20/2015,288,288.399994,267.799988,272.600006,232.432129,28532345
4/21/2015,276,289.399994,276,286.600006,244.369171,20088030
4/22/2015,287.600006,295.600006,283.799988,294.399994,251.019852,19267845
4/23/2015,297,305.600006,295,296.799988,253.066223,22520776
4/24/2015,294,300.600006,286.399994,296,252.384109,17570273
4/27/2015,297.200012,303,296.600006,298.600006,254.601028,14411805
4/28/2015,298,299.799988,295.600006,297.799988,253.9189,7069302
4/29/2015,297.600006,298,292.200012,293.600006,250.337753,11462966
4/30/2015,293.399994,301.399994,292,296.600006,252.895676,12308554
5/4/2015,297,299.799988,293,294,252.509201,8834064
5/5/2015,296,296.399994,285.600006,289.200012,248.386627,15219822
5/6/2015,287,292.600006,285,286,245.638214,12157975
5/7/2015,285.799988,286,278.600006,280.200012,240.656754,17100212
5/8/2015,284.399994,285.799988,281,283.799988,243.748688,9549940
5/11/2015,287,290.200012,284,289.200012,248.386627,8546540
5/12/2015,286,289.399994,283.600006,284,243.920486,8437670
5/13/2015,285,285.600006,278.600006,278.799988,239.454269,13319804
5/14/2015,278.799988,278.799988,274.399994,275.799988,236.877701,12054370
5/15/2015,278.799988,292,276,289.600006,248.730179,17893423
5/18/2015,286,287,283,286.399994,245.981781,7237508
5/19/2015,287.399994,290.799988,284.600006,288.799988,248.043015,8719623
5/20/2015,288,291.799988,286.399994,288.399994,247.699493,7217203
5/21/2015,290,290.200012,286.399994,288.600006,247.871231,4914541
5/22/2015,290,294.600006,289,293.600006,252.165665,12763507
5/26/2015,311,311.399994,302.399994,309.399994,265.73584,23640738
5/27/2015,308,308.799988,304.200012,305.799988,262.64389,12982053
5/28/2015,309,309,295.799988,300.200012,257.834229,19176637
5/29/2015,298,300,291.399994,298.399994,256.288208,11469511
6/1/2015,297.799988,303.200012,295.200012,302,259.380219,9982667
6/2/2015,300,301.399994,294.200012,296.799988,254.913986,8180001
6/3/2015,298.600006,299,294.200012,294.399994,252.852753,6162885
6/4/2015,294,297.799988,291,294,252.509201,8494489
6/5/2015,294,295.600006,291,292,250.791458,5764547
6/8/2015,295,297,291.799988,293.600006,252.165665,6804633
6/9/2015,294.200012,294.600006,287,289.200012,248.386627,9060904
6/10/2015,292,292,282.399994,285.600006,245.294662,8687177
6/11/2015,287.600006,289.200012,285.600006,286.200012,245.809982,4913812
6/12/2015,287.399994,298,285.399994,296.600006,254.742264,11101697
6/15/2015,291.799988,293.600006,287,287.600006,247.012405,7453363
6/16/2015,284.799988,292,281.399994,283,243.061584,11122422
6/17/2015,284.399994,290,283.600006,285.399994,245.122879,7058421
6/18/2015,285,289.600006,283.200012,283.600006,243.576935,6851691
6/19/2015,286.399994,287.600006,283,283.200012,243.233353,6555592
6/22/2015,283.600006,285.399994,280.200012,283.600006,243.576935,7169881
6/23/2015,285,287.600006,283,286.600006,246.153488,7227897
6/24/2015,286.799988,288.799988,285.600006,286.799988,246.325256,3536153
6/25/2015,286.600006,288.799988,284.799988,286,245.638214,3966099
6/26/2015,284,287,281.399994,284.200012,244.092194,8601157
6/29/2015,281.799988,283.600006,263.399994,275,236.190567,26727990
6/30/2015,273.399994,280.200012,269.399994,273.600006,234.988129,19738632
7/2/2015,276,276,267,268.600006,230.693787,15808379
7/3/2015,268.799988,269,256.600006,259.799988,223.135651,20255226
7/6/2015,261,261.799988,223,235,201.835571,53285123
7/7/2015,237.199997,237.800003,218.399994,222,190.670197,38001748
7/8/2015,207,219.399994,196,203.399994,174.695129,48558167
7/9/2015,207.399994,233.800003,204.199997,233.600006,200.633179,37835907
7/10/2015,235.399994,244.800003,233.800003,239.199997,205.442871,23299920
7/13/2015,240,240.800003,230.199997,239.600006,205.786438,14710329
7/14/2015,240,241,230.600006,233.600006,200.633179,11081436
7/15/2015,233.800003,235.399994,225.600006,228,195.823471,7876901
7/16/2015,225.600006,232.199997,225,232,199.258972,5812310
7/17/2015,232.800003,239.199997,231,234.600006,201.49205,6724130
7/20/2015,235,236.800003,229.399994,231.199997,198.571869,5085987
7/21/2015,229.800003,232.399994,228,228.399994,196.167023,5220923
7/22/2015,225,227.600006,220,222.199997,190.84201,9123574
7/23/2015,220,222.600006,218.800003,222.399994,191.013748,6417983
7/24/2015,221,222,219.199997,220,188.952469,5370652
7/27/2015,216.399994,217,208,209.199997,179.676605,13563368
7/28/2015,209.199997,218.800003,205.399994,211.199997,181.394363,11305182
7/29/2015,212.399994,215.800003,209.199997,213,182.940338,7374985
7/30/2015,214.800003,217,210,210.199997,180.535492,7320974
7/31/2015,213.199997,213.199997,209.600006,210.199997,180.535492,4975680
8/3/2015,209,210.399994,205.399994,206.399994,177.271759,4594772
8/4/2015,206,209,203.600006,207.600006,178.302429,4868475
8/5/2015,206,208.800003,205.399994,206.600006,177.443527,3571910
8/6/2015,207,207,203.600006,205.199997,176.241119,3394574
8/7/2015,204.800003,212.600006,204,212.199997,182.25325,6494123
8/10/2015,210,218.600006,207.600006,218.199997,187.406464,7900625
8/11/2015,219.800003,224,214.600006,216,185.516968,8567885
8/12/2015,213,214,206.199997,207,177.787079,12805318
8/13/2015,206,209.399994,203.600006,205.800003,176.756454,8777306
8/14/2015,207,208,206,207.800003,178.474182,2486545
8/17/2015,208.199997,208.399994,205,205.399994,176.412903,3214166
8/18/2015,206.399994,207.800003,202.399994,203,174.351593,5061131
8/19/2015,202,203.199997,199.600006,200.399994,172.11853,8553648
8/20/2015,198.899994,199.199997,195,195.699997,168.081818,11011498
8/21/2015,190,194.5,188,191.899994,164.818054,16018245
8/24/2015,181,182.5,178,178.300003,153.13739,23489938
8/25/2015,176.800003,186.5,174,180,157.314972,20081753
8/26/2015,180.600006,184.899994,175.199997,178.5,156.004013,13626670
8/27/2015,186.199997,187.199997,181.300003,186.199997,162.733597,12742484
8/28/2015,188.899994,189.899994,183.399994,183.899994,160.723434,9522575
8/31/2015,183,185,180.699997,182.199997,159.237701,5806589
9/1/2015,181.399994,181.899994,179.600006,180,157.314972,5595288
9/2/2015,179.399994,182.899994,176.800003,177.399994,155.042618,8452608
9/4/2015,180.199997,180.199997,175.699997,175.899994,153.731705,6158347
9/7/2015,175,179.699997,175,175.100006,153.032532,5282954
9/8/2015,175.199997,183.699997,174.300003,183.199997,160.111679,8192936
9/9/2015,185.199997,190.699997,184.5,189.899994,165.967285,13242499
9/10/2015,185,187.800003,184,185.800003,162.384018,5182305
9/11/2015,186.600006,189.699997,186,186.300003,162.820999,5346155
9/14/2015,186.899994,188,183.300003,184.899994,161.597443,3278257
9/15/2015,183.899994,185.699997,181.5,181.899994,158.975494,4967198
9/16/2015,184.800003,188,183.600006,186.800003,163.25798,7685628
9/17/2015,188.899994,190.300003,186,187,163.43277,8094735
9/18/2015,186.100006,188.600006,186,187.5,163.869781,4574759
9/21/2015,185.5,188.5,184.899994,186.399994,162.908386,2884813
9/22/2015,186.399994,189.100006,186,186,162.558777,3879193
9/23/2015,185,186.5,180,183.800003,160.636078,7726031
9/24/2015,184.5,184.800003,181,181.899994,158.975494,3500606
9/25/2015,181.800003,183,180.300003,181.600006,158.713348,3859923
9/29/2015,177.600006,177.699997,175,177.699997,155.304855,9539726
9/30/2015,178,179.699997,176.100006,176.800003,154.51825,5894777
10/2/2015,178,184.899994,177.600006,184.399994,161.160431,8333890
10/5/2015,188.199997,189.399994,186,186.699997,163.170578,5425052
10/6/2015,189,189.199997,185.100006,186.5,162.995773,3456205
10/7/2015,186.199997,195.300003,185.5,194.800003,170.249741,12946295
10/8/2015,194.699997,194.699997,191,193.100006,168.764008,6575942
10/9/2015,195.100006,199,193.199997,193.800003,169.375793,9057346
10/12/2015,195.199997,199.600006,194.300003,199.5,174.357437,9071766
10/13/2015,198,200,197.199997,198.199997,173.221252,5960531
10/14/2015,196.100006,198.300003,195.699997,196.699997,171.910294,4992784
10/15/2015,198,205.600006,196.800003,205.399994,179.513855,11538309
10/16/2015,206.600006,210.800003,203.800003,206.399994,180.387833,7747505
10/19/2015,207,207.399994,203.399994,205.399994,179.513855,4633296
10/20/2015,204,205.199997,201.600006,203,177.416321,4875609
10/22/2015,201,205.199997,200.199997,203.600006,177.940704,4051672
10/23/2015,207.399994,208.600006,205,205.399994,179.513855,4068842
10/26/2015,207,207,203.600006,204.399994,178.639893,4176261
10/27/2015,203.600006,205,202.800003,204.800003,178.989471,4170970
10/28/2015,205,205.600006,203,203.600006,177.940704,3463842
10/29/2015,205,205.800003,202.199997,204.399994,178.639893,3187269
10/30/2015,203.399994,205,202.600006,203.800003,178.115509,3346108
11/2/2015,201,204,198.5,198.800003,173.745636,4998864
11/3/2015,201,202.399994,199.399994,199.800003,174.619614,3143537
11/4/2015,201.600006,218,200.399994,209.199997,182.834961,30159110
11/5/2015,208.800003,211.800003,208.399994,209.800003,183.359344,6823428
11/6/2015,210,212.600006,208.199997,212.399994,185.631683,6439010
11/9/2015,211,219.399994,210.199997,212.600006,185.806458,8329740
11/10/2015,210,217.800003,208.199997,212,185.282089,7159010
11/11/2015,212,213.199997,208.399994,209.800003,183.359344,7612480
11/12/2015,212,214.600006,209.399994,213.800003,186.855225,6198922
11/13/2015,211.600006,212.800003,209.399994,210.399994,183.883728,3906634
11/16/2015,206,209,205.399994,207,180.912216,4787856
11/17/2015,209.800003,212.399994,208.199997,208.600006,182.310562,3532605
11/18/2015,209,209.600006,205,205.199997,179.339081,3672939
11/19/2015,208,209,206.800003,208,181.786179,2620186
11/20/2015,208.800003,211,207.800003,210.800003,184.233292,2735779
11/23/2015,210.600006,214.199997,209,210.399994,183.883728,3811415
11/24/2015,209.399994,212.199997,208.399994,210.800003,184.233292,3344867
11/25/2015,210.399994,211.800003,208.800003,210,183.534119,3475082
11/26/2015,210.600006,213.800003,208.399994,209,182.660156,3732336
11/27/2015,209,209,203.399994,203.800003,178.115509,7884737
11/30/2015,202.800003,206.399994,201.600006,202,176.542358,4252008
12/1/2015,203,204.399994,200,204,178.290314,7776016
12/2/2015,205.600006,208.399994,203.600006,206.600006,180.562637,5468729
12/3/2015,206.399994,207.199997,205.600006,206.800003,180.737411,2572364
12/4/2015,204,206.199997,203.800003,206,180.038223,3597553
12/7/2015,208,209,206,206.199997,180.213028,3511226
12/8/2015,206,206.399994,201.600006,203.600006,177.940704,5854839
12/9/2015,202,202.600006,198.199997,198.300003,173.30867,8637177
12/10/2015,197,201.600006,197,198.600006,173.570847,3430321
12/11/2015,200.199997,200.399994,193.199997,194.199997,169.725357,7579555
12/14/2015,189.399994,196,189,195.600006,170.948944,5644282
12/15/2015,194.5,196.699997,193.100006,195.300003,170.686737,3312663
12/16/2015,198,199.699997,197.199997,199.399994,174.27002,3716672
12/17/2015,200,202,199.399994,200.800003,175.493576,4423871
12/18/2015,198.699997,202.199997,198.399994,198.899994,173.833038,3831667
12/21/2015,198.600006,201.399994,198,201,175.66835,2621086
12/22/2015,202,202,198.800003,200,174.794418,2032041
12/23/2015,199.699997,203.199997,199.699997,202.800003,177.241547,3840250
12/24/2015,203.399994,203.600006,201.800003,203.199997,177.591125,1162091
12/28/2015,203,203.199997,200,200.399994,175.143997,2036866
12/29/2015,200.399994,201.600006,199.5,200.199997,174.969223,2264822
12/30/2015,201.399994,201.600006,199.199997,199.300003,174.182632,2291832
12/31/2015,199.5,199.800003,198,198.5,173.483444,1879965
1/4/2016,197.600006,198.699997,190.100006,192.800003,168.501816,8251080
1/5/2016,191.5,193.5,189.5,191.699997,167.540436,5731915
1/6/2016,191.399994,193,189.600006,190.100006,166.14209,3396137
1/7/2016,189,190,183.100006,184.100006,160.898254,10139943
1/8/2016,185,188.600006,185,186.5,162.995773,7026191
1/11/2016,181.5,184.399994,181.5,182.100006,159.150299,5351904
1/12/2016,182.600006,183.899994,178.699997,179.600006,156.965378,5658817
1/13/2016,182.199997,183.5,179.100006,179.800003,157.140182,5487906
1/14/2016,176.300003,180,174.800003,179.800003,157.140182,7316400
1/15/2016,178.800003,179.899994,175.100006,175.399994,153.294693,6759534
1/18/2016,173.600006,174.699997,172.100006,172.5,150.760178,6533742
1/19/2016,172,177.199997,168,177.100006,154.780472,14590869
1/20/2016,173.800003,173.800003,168,168.100006,146.914688,12947109
1/21/2016,169.100006,171.5,161.199997,162.5,142.020432,11923410
1/22/2016,166.199997,167.600006,160.100006,166.100006,145.166748,10626060
1/25/2016,168.800003,170.199997,167.300003,168.899994,147.613892,7651408
1/26/2016,166.5,166.800003,161.699997,163.100006,142.54483,9449945
1/27/2016,165.699997,166.100006,161.300003,161.800003,141.408691,5831717
1/28/2016,163,163.800003,160.100006,162.199997,141.758255,6831965
1/29/2016,161.600006,170.899994,161.5,170.300003,148.837433,10008762
2/1/2016,170,170,166.600006,168.100006,146.914688,5423284
2/2/2016,167.399994,170.199997,166.699997,168.5,147.264297,3036735
2/3/2016,166,166.800003,163.300003,166.199997,145.25412,4686809
2/4/2016,167.199997,168.5,164.5,165.5,144.642365,4848900
2/5/2016,167,168,165.600006,167,145.953339,3218729
2/11/2016,162,164.699997,161.899994,163.199997,142.632248,5928638
2/12/2016,162,164.300003,161.199997,163,142.457458,4103231
2/15/2016,166.100006,168.800003,165.5,167.5,146.39032,5381943
2/16/2016,168,170.800003,167.899994,169,147.701263,5838122
2/17/2016,169.399994,170.5,166.699997,169.100006,147.788681,4798729
2/18/2016,171.699997,172.5,170.399994,171,149.449219,5416817
2/19/2016,170.5,171.800003,170,171.199997,149.623993,2315228
2/22/2016,172.300003,174.399994,171.300003,173.699997,151.808914,3514891
2/23/2016,173.699997,174.899994,172.600006,173.300003,151.459366,2705318
2/24/2016,173,174,170.300003,172.300003,150.585373,3471269
2/25/2016,172.5,172.800003,167.699997,168.300003,147.089508,4431337
2/26/2016,170.800003,174.300003,170,173.300003,151.459366,5014659
2/29/2016,173,173.199997,167.300003,168.899994,147.613892,5752339
3/1/2016,169.800003,169.899994,167,169.100006,147.788681,4150917
3/2/2016,171.5,176.699997,171.300003,175,152.945099,10838966
3/3/2016,175,175.399994,171.199997,173.300003,151.459366,6411405
3/4/2016,173.5,175,171.800003,175,152.945099,5356911
3/7/2016,175,176.699997,172.899994,173.100006,151.284546,6629171
3/8/2016,174,174.100006,171.600006,172.199997,150.498001,3827549
3/9/2016,171.800003,172.5,170.100006,171.699997,150.060989,3910483
3/10/2016,172.199997,172.899994,170.199997,171,149.449219,2897844
3/11/2016,170.399994,174.100006,169.5,172.800003,151.022385,3890339
3/14/2016,174,176.5,173.199997,175.5,153.38208,6492492
3/15/2016,174.800003,175.300003,173.199997,174.300003,152.333298,2128265
3/16/2016,174.300003,175.100006,172.100006,173.800003,151.896378,2661607
3/17/2016,175.899994,176,173.899994,175.199997,153.119904,4882962
3/18/2016,175.899994,176.600006,174.300003,175.600006,153.469482,6546182
3/21/2016,177,185.699997,176.699997,185.399994,162.034409,18817496
3/22/2016,186.699997,187.600006,183.899994,186.199997,162.733597,8219909
3/23/2016,186.100006,187.300003,183.100006,184.399994,161.160431,5485400
3/24/2016,182.100006,184.899994,181.100006,182.199997,159.237701,4572049
3/29/2016,182.199997,183.899994,180.699997,181.899994,158.975494,2657013
3/30/2016,184.600006,186.600006,183.699997,186.300003,162.820999,5445434
3/31/2016,186.600006,187.5,185.699997,186.800003,163.25798,4912648
4/1/2016,186.199997,186.600006,183.399994,184.199997,160.985657,5309787
4/5/2016,182.800003,183.899994,181.100006,181.899994,158.975494,6545019
4/6/2016,181.600006,183.699997,181.100006,182.600006,159.587296,3247861
4/7/2016,183.100006,185.5,182.399994,185.199997,161.859619,4052419
4/8/2016,183.399994,186,182.600006,185.600006,162.209244,4291684
4/11/2016,184.600006,188.399994,184.100006,187.199997,163.607559,4568234
4/12/2016,187.300003,188.899994,186.100006,188,164.306732,3480987
4/13/2016,189,193.800003,189,193.699997,169.288391,9753008
4/14/2016,195,196,193,193.899994,169.463165,6732035
4/15/2016,193,194.199997,192,192.800003,168.501816,2743247
4/18/2016,191,192.800003,190,192.699997,168.414398,3319879
4/19/2016,195,197,194.199997,196,171.298508,4557151
4/20/2016,196,197.199997,193,196,171.298508,6014544
4/21/2016,197.5,202,196,201,175.66835,10833222
4/22/2016,199.100006,205.399994,198.199997,204,178.290314,8632848
4/25/2016,202.199997,205.399994,199.699997,199.699997,174.532196,8164012
4/26/2016,200.800003,202,196.699997,200.399994,175.143997,6912410
4/27/2016,200.399994,200.600006,198.199997,199.199997,174.09523,3005514
4/28/2016,202,202.199997,197.100006,198.199997,173.221252,4867846
4/29/2016,198,198.600006,195.800003,196.300003,171.56073,5074067
5/3/2016,194.199997,194.399994,187.399994,187.5,166.301163,9219772
5/4/2016,187,188,184,187.5,166.301163,5893278
5/5/2016,186.5,191.199997,186,188.399994,167.099396,5732230
5/6/2016,187.800003,188.399994,183.899994,184.899994,163.995132,6685404
5/9/2016,186.5,187.100006,183.899994,184.699997,163.817719,2961436
5/10/2016,183.399994,186.899994,183.399994,185.800003,164.793381,3630144
5/11/2016,187,187.5,184.199997,185.800003,164.793381,4973611
5/12/2016,185,185,181.300003,181.600006,161.068222,7177371
5/13/2016,181,181.5,178,179.5,159.205643,7012784
5/16/2016,179,184.600006,178.5,179.699997,159.383041,6520138
5/17/2016,179.800003,183.399994,179.800003,182.899994,162.221222,4841603
5/18/2016,180.699997,181.699997,178.5,179.899994,159.560394,5099697
5/19/2016,178.600006,179.899994,176.800003,177.699997,157.609177,5687039
5/20/2016,177,180,177,178.100006,157.963913,3881213
5/23/2016,176.899994,179.100006,176.899994,177.399994,157.343063,2650160
5/24/2016,176.699997,177.399994,175.199997,176.399994,156.456131,3422700
5/25/2016,178.800003,180.100006,178.5,178.699997,158.496094,4306573
5/26/2016,179.5,179.899994,177.300003,178.399994,158.229996,2505985
5/27/2016,178.399994,182.399994,177.899994,182.300003,161.689056,6053509
5/30/2016,181.600006,184.5,181.199997,183.100006,162.398636,5483558
5/31/2016,183.100006,188.800003,182.800003,186,164.970734,9403895
6/1/2016,186,188.600006,185.5,185.699997,164.704681,4208196
6/2/2016,186.300003,188.399994,185.899994,188.199997,166.922028,4345800
6/3/2016,189.5,191.399994,189.100006,190,168.518509,6121838
6/6/2016,190.100006,192.5,189.600006,191.699997,170.026306,5044657
6/7/2016,193,194.399994,192.300003,193.899994,171.977554,6593590
6/8/2016,194.199997,194.199997,190.300003,191.5,169.848923,4127110
6/10/2016,191.5,192,186.5,186.899994,165.768997,6797156
6/13/2016,185,185.5,181.899994,183.399994,162.664688,5720205
6/14/2016,184,184.699997,182.5,183.300003,162.576019,4355974
6/15/2016,180,182,177,181.5,160.979523,9302481
6/16/2016,180,180.300003,178,178.899994,158.673477,6488891
6/17/2016,181,181.699997,179,179.199997,158.939545,3901037
6/20/2016,181.600006,183.399994,180.5,182.100006,161.511673,4145438
6/21/2016,182.5,185.699997,182.199997,182.800003,162.132553,3724690
6/22/2016,183.5,187.199997,182.199997,186.300003,165.236832,6828343
6/23/2016,187,187.300003,185.5,186,164.970734,3674248
6/24/2016,182,187,175,182.699997,162.043854,15874439
6/27/2016,179.800003,185.399994,179.5,184.399994,163.551636,7581458
6/28/2016,183,184.399994,182.199997,184.300003,163.462967,5146638
6/29/2016,184.5,187.800003,184.300003,186.399994,165.325516,6758311
6/30/2016,187.5,188.800003,186.699997,187.600006,166.389832,7857923
7/4/2016,187.600006,188.5,184.5,187.600006,166.389832,5694154
7/5/2016,186.699997,187.5,184.699997,184.899994,163.995132,3466012
7/6/2016,183.600006,183.899994,181.300003,183.5,162.753387,4757792
7/7/2016,184.5,185.600006,183.5,184.300003,163.462967,2555633
7/8/2016,183.300003,184,182.800003,183.600006,162.842087,2690049
7/11/2016,185.600006,186.100006,184.699997,185.100006,164.172531,2721048
7/12/2016,186.199997,187.5,185.199997,186.800003,165.680328,4133023
7/13/2016,187.5,189,187.100006,188.199997,166.922028,5033633
7/14/2016,188.399994,190.699997,187.399994,190.100006,168.607208,4912879
7/15/2016,190.300003,190.899994,188.800003,189.800003,168.341156,4170176
7/18/2016,189.800003,191.300003,189.600006,190.5,168.96196,2645651
7/19/2016,190.300003,190.300003,188.5,189.5,168.075058,2085169
7/20/2016,189.5,192.199997,189.199997,191.899994,170.203674,4174243
7/21/2016,192.5,194,191.399994,191.5,169.848923,4531336
7/22/2016,191,193,190.5,192.399994,170.647171,2833545
7/25/2016,193,193,191,191.899994,170.203674,2811426
7/26/2016,191.199997,194.399994,191.100006,193.699997,171.800186,3839204
7/27/2016,194.399994,194.399994,191.5,193.699997,171.800186,3498996
7/28/2016,192.199997,193.399994,191.300003,192.100006,170.381088,3316524
7/29/2016,191.5,193,190.600006,191.5,169.848923,3038497
8/1/2016,192.600006,194,192,192.300003,170.558456,4122911
8/2/2016,192.300003,192.300003,192.300003,192.300003,170.558456,0
8/3/2016,189,191.100006,188.800003,190.199997,168.695892,3842784
8/4/2016,191,192.100006,190.5,191.5,169.848923,1700786
8/5/2016,192.100006,193.300003,192.100006,192.600006,170.82457,2049963
8/8/2016,193.600006,195.100006,192.600006,194.899994,172.864532,4525810
8/9/2016,195.199997,195.5,193.600006,194,172.066299,2323059
8/10/2016,193.5,195.5,191.300003,192.100006,170.381088,5178925
8/11/2016,191.100006,199.5,190.600006,197.699997,175.347946,12867905
8/12/2016,198.699997,199,195.300003,197.100006,174.815765,7780985
8/15/2016,197.899994,201.800003,197.100006,200.199997,177.565292,8157630
8/16/2016,201,203,200,200.600006,177.920074,6645908
8/17/2016,198,198.5,191.100006,191.199997,169.58284,19066389
8/18/2016,192.5,193.600006,190.699997,191.600006,169.937622,10239412
8/19/2016,192.5,192.5,188.800003,191.199997,169.58284,8137897
8/22/2016,191.699997,192.800003,190.699997,191.699997,170.026306,3880216
8/23/2016,189.899994,190.600006,189.300003,189.699997,170.214737,3015594
8/24/2016,190.5,190.800003,188.100006,189.100006,169.676376,3077409
8/25/2016,189,189.600006,188,189.100006,169.676376,2348469
8/26/2016,188.899994,189.600006,188.199997,188.600006,169.227737,2399065
8/29/2016,188.399994,189,187.5,188,168.689346,2839703
8/30/2016,188.199997,191.399994,187.899994,190.100006,170.573654,4443425
8/31/2016,190,190.399994,188.899994,189.699997,170.214737,3258414
9/1/2016,188.800003,191,188.800003,190.199997,170.663391,3423985
9/2/2016,190.699997,191.5,189.800003,190.800003,171.201752,2848814
9/5/2016,193,196,192.800003,194.399994,174.431961,7586152
9/6/2016,196,198.699997,195.800003,198.100006,177.751907,9855914
9/7/2016,198.199997,200,197.300003,198,177.662186,6790728
9/8/2016,198,199.5,197.600006,198.600006,178.200577,4707598
9/9/2016,200,213.199997,199.899994,209.600006,188.070694,35543508
9/12/2016,204.199997,206.399994,201,201,180.354019,16027439
9/13/2016,204,205.199997,198,198,177.662186,10217701
9/14/2016,198,201,197.600006,199.300003,178.828659,4557080
9/15/2016,200,203.600006,199.800003,203.600006,182.686981,5568643
9/19/2016,204.800003,204.800003,201.600006,204.199997,183.225357,5224202
9/20/2016,204,209.199997,202,207.199997,185.917191,7238685
9/21/2016,207.800003,209,206.199997,208,186.635025,5419877
9/22/2016,210,211.800003,206.800003,206.800003,185.558289,8339827
9/23/2016,206.800003,207.800003,204.399994,205,183.943161,5824516
9/26/2016,205.399994,207.800003,202.800003,203,182.148605,5508936
9/27/2016,204,206.600006,202,205.399994,184.302094,3972647
9/28/2016,204.199997,206.399994,204,206.399994,185.199371,2451773
9/29/2016,207.399994,207.399994,205.399994,206.800003,185.558289,3143053
9/30/2016,205,206,203.600006,203.800003,182.866455,3978346
10/3/2016,206,207.600006,205.199997,205.800003,184.661026,2687243
10/4/2016,206.600006,207.399994,205.600006,207.199997,185.917191,2494605
10/5/2016,206.600006,209,205.600006,207.399994,186.096649,2895499
10/6/2016,207.800003,208.600006,206.399994,208.199997,186.814468,4804869
10/7/2016,208.399994,208.800003,207,208.800003,187.352875,2391846
10/11/2016,210,210.199997,205.600006,206.800003,185.558289,5166700
10/12/2016,205.800003,207.199997,204.199997,206,184.840439,3528582
10/13/2016,205.399994,205.800003,203,203.199997,182.328079,4362951
10/14/2016,204,206,203.199997,205.399994,184.302094,3141265
10/17/2016,205,205.399994,202.399994,203.399994,182.507507,3133918
10/18/2016,203.800003,206,203,205.399994,184.302094,2821149
10/19/2016,206,206,204.600006,205.399994,184.302094,1966908
10/20/2016,205.800003,207.199997,205.600006,206.600006,185.37883,2284279
10/21/2016,206.600006,206.600006,206.600006,206.600006,185.37883,0
10/24/2016,207.800003,208.600006,205.600006,208,186.635025,4033364
10/25/2016,208.399994,208.800003,207.600006,208.600006,187.173401,2270823
10/26/2016,208,208,205.600006,206.399994,185.199371,3203160
10/27/2016,206.800003,207.199997,204.199997,205.600006,184.481567,2291583
10/28/2016,204,206.399994,203.199997,204,183.045914,3451388
10/31/2016,203.399994,206.399994,203.399994,205.399994,184.302094,3018826
11/1/2016,205,207.600006,205,206,184.840439,3419260
11/2/2016,204.199997,205.399994,202.199997,203,182.148605,4367606
11/3/2016,202,203.199997,200,200.199997,179.63623,4869500
11/4/2016,199.800003,200.600006,198.600006,199.699997,179.187561,3576382
11/7/2016,200.800003,203.600006,200.600006,202.600006,181.789703,2950908
11/8/2016,204,205.800003,202.600006,203.600006,182.686981,2754818
11/9/2016,204.399994,204.800003,198,202.399994,181.610245,12805530
11/10/2016,205.399994,206,203.800003,204.800003,183.763733,5223394
11/11/2016,204,207.600006,203.600006,206.199997,185.019928,8830041
11/14/2016,204.399994,205,201.800003,204.199997,183.225357,4996733
11/15/2016,205.399994,205.600006,202.600006,203.399994,182.507507,2611387
11/16/2016,204.800003,205.199997,203,203.399994,182.507507,2823605
11/17/2016,203,204.199997,202.199997,204,183.045914,2414677
11/18/2016,203,203.800003,201.600006,203,182.148605,3272310
11/21/2016,202,204.600006,201.800003,202.399994,181.610245,2435165
11/22/2016,204.600006,204.800003,203.199997,203.800003,182.866455,3625069
11/23/2016,203.800003,205.199997,203,203.600006,182.686981,2544754
11/24/2016,202.800003,204.600006,202.199997,203.800003,182.866455,1596419
11/25/2016,204,205,203.199997,205,183.943161,2912888
11/28/2016,205,207,204.399994,204.800003,183.763733,6158145
11/29/2016,203.800003,205.199997,203.399994,203.600006,182.686981,3118057
11/30/2016,204.800003,204.800003,203,204,183.045914,3574686
12/1/2016,204,205,203.399994,204.199997,183.225357,2755315
12/2/2016,204.800003,204.800003,202.399994,202.800003,181.969162,4548475
12/5/2016,204,204,196,197.399994,177.123795,11206226
12/6/2016,198.399994,198.899994,196.100006,196.399994,176.226547,5517283
12/7/2016,197,197.899994,193.100006,193.600006,173.714172,7387620
12/8/2016,195,196.600006,195,195,174.970337,4388515
12/9/2016,195.100006,195.5,191.100006,192.699997,172.90657,5408874
12/12/2016,192.899994,193.300003,188.899994,189.600006,170.125031,6962314
12/13/2016,188.5,190.699997,188.5,189.600006,170.125031,3349351
12/14/2016,191.100006,191.199997,189,190,170.483917,3177027
12/15/2016,188.600006,188.699997,185.5,186.899994,167.702347,6320569
12/16/2016,186.100006,186.600006,184.300003,185.100006,166.08725,6255608
12/19/2016,185.300003,185.300003,182,182.600006,163.84404,4662459
12/20/2016,182.5,183.5,182,182.100006,163.395355,3451745
12/21/2016,180.899994,183.600006,180.800003,182.100006,163.395355,3346932
12/22/2016,182.100006,182.800003,180.600006,181,162.408371,2940342
12/23/2016,180.199997,181.5,179.199997,179.899994,161.421341,4473792
12/28/2016,179.800003,181.199997,177.600006,180.699997,162.139175,3927790
12/29/2016,179,181.5,179,180.899994,162.318634,4077914
12/30/2016,180.5,184.899994,180.5,183.199997,164.382401,5655166
1/3/2017,184.199997,185,183.199997,184.300003,165.369415,2883934
1/4/2017,183.600006,184.600006,182.399994,182.600006,163.84404,2590609
1/5/2017,184.199997,186,182.600006,185.300003,166.266708,3585152
1/6/2017,186,186.800003,185.100006,185.399994,166.3564,2380643
1/9/2017,185.600006,186.5,184.800003,185.600006,166.535889,1650629
1/10/2017,185.600006,187.600006,185.100006,187.5,168.240723,3190104
1/11/2017,187.199997,189.5,187.199997,188.300003,168.958557,3732811
1/12/2017,188,188.300003,185.199997,186.600006,167.433182,3178939
1/13/2017,186.899994,187.600006,185.899994,186.5,167.34343,1657596
1/16/2017,186.5,186.5,184.399994,185,165.997498,2137803
1/17/2017,185.600006,186,184.699997,185.899994,166.805069,1492186
1/18/2017,186.300003,188.399994,185.899994,187.899994,168.599625,3457682
1/19/2017,187.199997,187.399994,186.399994,187.199997,167.971527,1465627
1/20/2017,186,186.5,185,185.5,166.446152,2880071
1/23/2017,186,187,184.800003,185.199997,166.176941,3109796
1/24/2017,185.600006,186,184.300003,185.199997,166.176941,2965912
1/25/2017,186.5,186.5,183.600006,185.800003,166.715347,2668207
1/26/2017,186.5,188.199997,186.199997,187.800003,168.509903,3622066
1/27/2017,187,188.800003,187,188.699997,169.317429,1705363
2/1/2017,187,188.5,185.899994,188.5,169.138016,2539379
2/2/2017,187.600006,188.899994,186.600006,187.300003,168.061249,2027469
2/3/2017,187.300003,187.300003,185.199997,186.399994,167.253693,2553934
2/6/2017,186.600006,187.600006,186,187.199997,167.971527,2153551
2/7/2017,186.899994,187.399994,186.399994,186.699997,167.522888,2347121
2/8/2017,186.399994,196.399994,185.600006,195.5,175.418991,14797006
2/9/2017,196,199.399994,195.300003,195.5,175.418991,11040557
2/10/2017,196.899994,198.399994,195.699997,195.800003,175.688156,4023580
2/13/2017,196.899994,199.399994,196,198.699997,178.290283,6939823
2/14/2017,199.100006,199.199997,197.199997,197.800003,177.482742,4518026
2/15/2017,198.899994,202.600006,198.100006,202,181.251328,13716326
2/16/2017,203.199997,204,201.800003,202.399994,181.610245,7472372
2/17/2017,202,203,199.600006,200.199997,179.63623,5374929
2/20/2017,201,202,199.899994,200.800003,180.174576,3081166
2/21/2017,202,203,197.5,199,178.559479,7114625
2/22/2017,199.5,201.399994,199.100006,200,179.456772,3306397
2/23/2017,200,201.399994,199.399994,200.399994,179.815689,3479037
2/24/2017,200.800003,200.800003,198,198,177.662186,3591711
2/27/2017,196.800003,198.699997,194.899994,195.399994,175.329254,6740430
2/28/2017,196.5,196.5,192.699997,192.699997,172.90657,6633834
3/1/2017,193.800003,194.399994,192.600006,193.5,173.62442,2735918
3/2/2017,196,196.800003,191.300003,192,172.278503,5286808
3/3/2017,191.5,191.800003,190.100006,191.399994,171.740112,3397426
3/6/2017,191,193.300003,191,191.699997,172.009308,2248767
3/7/2017,192.899994,192.899994,191.100006,192.199997,172.457947,2002752
3/8/2017,190.800003,192.699997,190.800003,191.800003,172.099045,1890370
3/9/2017,191.300003,191.399994,189.300003,190.399994,170.842834,3676706
3/10/2017,189.5,190.699997,188.899994,190.100006,170.573654,3358182
3/13/2017,191.199997,192.800003,189.800003,191.800003,172.099045,3552083
3/14/2017,192,193.100006,191.100006,192,172.278503,1876977
3/15/2017,191,197.100006,190.5,194.699997,174.701157,6382515
3/16/2017,196.199997,197.399994,194.800003,197.399994,177.123795,5812565
3/17/2017,198.199997,198.199997,195.899994,196.5,176.316284,5426562
3/20/2017,196.5,200.800003,196.5,200.399994,179.815689,7978380
3/21/2017,200.600006,200.800003,198.600006,199.699997,179.187561,3655748
3/22/2017,196.800003,197.5,195.699997,196.399994,176.226547,5325847
3/23/2017,196,197.800003,196,196.399994,176.226547,2405926
3/24/2017,196.699997,197.199997,195.5,196.399994,176.226547,2084358
3/27/2017,195.5,197.300003,194.399994,195,174.970337,3444243
3/28/2017,196.199997,196.800003,195.100006,195.399994,175.329254,2145042
3/29/2017,196.600006,196.600006,194.199997,194.600006,174.61145,2645913
3/30/2017,194.600006,195.699997,194.399994,194.399994,174.431961,3158549
3/31/2017,196,196.600006,194.899994,195.600006,175.508713,4445851
4/3/2017,196.300003,197.5,195.600006,196.100006,175.957367,2974162
4/5/2017,197,197.399994,195.699997,197.399994,177.123795,2602084
4/6/2017,196,197.399994,195.699997,196,175.867615,1935783
4/7/2017,195.699997,196.399994,193.800003,195.899994,175.777893,2499111
4/10/2017,196.100006,196.399994,194.5,195.5,175.418991,1803309
4/11/2017,195.899994,195.899994,193.399994,193.800003,173.8936,3571257
4/12/2017,193,195.199997,193,195.199997,175.149796,2423847
4/13/2017,193.100006,195.199997,193.100006,194.199997,174.252502,1688729
4/18/2017,195.300003,195.300003,191.5,191.699997,172.009308,4254961
4/19/2017,190.600006,191.800003,189.5,190.800003,171.201752,3852121
4/20/2017,190.5,192.300003,190,191.5,171.829849,2430906
4/21/2017,192.399994,192.5,190.5,190.800003,171.201752,2999799
4/24/2017,191.5,191.899994,190.100006,190.800003,171.201752,2204904
4/25/2017,191.5,192.699997,191.5,192,172.278503,4048652
4/26/2017,193,195,192.800003,193.699997,173.803879,4220614
4/27/2017,193,194.5,192.199997,194.100006,174.162781,2600186
4/28/2017,192.699997,192.800003,191.199997,191.600006,173.745651,1664245
5/2/2017,192.899994,193,190.600006,191.600006,173.745651,2830370
5/4/2017,191.5,191.800003,190,190.600006,172.838852,2783426
5/5/2017,191.100006,191.199997,188.800003,189.300003,171.659973,4673356
5/8/2017,189.600006,190.300003,188.5,189.600006,171.932037,2550536
5/9/2017,189.100006,194.699997,189.100006,194.399994,176.284729,6850849
5/10/2017,194.800003,198,194,194.199997,176.103348,9832938
5/11/2017,195.300003,198,194.699997,195.699997,177.463608,6382645
5/12/2017,196.699997,196.699997,194.800003,195.5,177.282227,2904663
5/15/2017,196,197.399994,195.5,197.100006,178.733124,3540573
5/16/2017,197.600006,197.699997,195.600006,196.699997,178.370407,3463976
5/17/2017,197.699997,198.5,197,197.699997,179.277237,5395682
5/18/2017,196,197,195.100006,195.300003,177.100861,4241545
5/19/2017,196,196.699997,195,195.699997,177.463608,2714304
5/22/2017,196,197.5,195.699997,196.399994,178.098373,2211516
5/23/2017,196,196.600006,195,195.199997,177.010162,2962559
5/24/2017,196,196,194.199997,194.899994,176.738144,2599006
5/25/2017,194.100006,196.300003,194.100006,196.300003,178.007675,4236267
5/26/2017,196,198.100006,196,196,177.735626,5393213
5/29/2017,196.100006,197.800003,196.100006,197.199997,178.823792,3416508
5/31/2017,197.800003,197.800003,196.199997,196.699997,178.370407,3125521
6/1/2017,197.199997,197.300003,195.600006,196.800003,178.46106,2369597
6/2/2017,197.300003,205,197,205,185.896942,19761818
6/5/2017,205.800003,208.399994,203.199997,203.800003,184.808792,10902598
6/6/2017,203.199997,206.600006,202.800003,205,185.896942,5538467
6/7/2017,205,205.399994,203.600006,204.199997,185.171509,3126716
6/8/2017,204,206.800003,203.399994,205.600006,186.441071,4424356
6/9/2017,206,206.399994,203.600006,205.399994,186.259689,4621760
6/12/2017,204.800003,204.800003,199.300003,199.699997,181.090836,6815755
6/13/2017,200,201.800003,199.800003,201,182.269684,3727632
6/14/2017,202,202.199997,199.100006,200.600006,181.906998,3124428
6/15/2017,199.5,200,198,198,179.549255,3466420
6/16/2017,198.600006,199.300003,197.600006,197.600006,179.186539,2976403
6/19/2017,201.399994,203.800003,200.199997,203,184.083328,7286877
6/20/2017,203.199997,203.800003,201,201,182.269684,3899517
6/21/2017,202,203.600006,198.800003,200.199997,181.54425,4457164
6/22/2017,199.699997,202.800003,199.699997,200.399994,181.725632,3254226
6/23/2017,201,201.199997,199.600006,200.600006,181.906998,2746915
6/26/2017,201,203,200,202.600006,183.720627,3441368
6/27/2017,203,203,201.199997,201.600006,182.813812,2449235
6/28/2017,200.399994,201.800003,199.699997,200.600006,181.906998,2996818
6/29/2017,201.399994,205.800003,201.399994,203.199997,184.264694,7614147
6/30/2017,201.600006,202.800003,200.800003,201.800003,182.995163,3726795
7/3/2017,201.199997,205.199997,201.199997,202.800003,183.901978,5516174
7/4/2017,203,203.800003,198.100006,199,180.456085,6754999
7/5/2017,198,200,197.800003,199.5,180.909485,3445039
7/6/2017,200.800003,200.800003,198.600006,199.5,180.909485,2583440
7/7/2017,199,199.699997,198.300003,199.399994,180.818802,2539097
7/10/2017,199.399994,200.600006,198.699997,199.899994,181.272202,1770249
7/11/2017,199.5,202.800003,199.199997,202.399994,183.539246,4712680
7/12/2017,203,204.600006,202.399994,202.800003,183.901978,3780016
7/13/2017,205,210.600006,204,208.800003,189.342865,20364634
7/14/2017,210,210.600006,208,209.800003,190.24968,8473636
7/17/2017,210.800003,214.600006,208,211.800003,192.063293,11452675
7/18/2017,212,213.199997,209.399994,211.399994,191.700592,4950914
7/19/2017,211.399994,213.600006,210.399994,212.800003,192.970108,6405798
7/20/2017,214.399994,221.399994,214.399994,221.399994,200.768738,20852486
7/21/2017,222,223.800003,218.399994,219.199997,198.773727,9127607
7/24/2017,218.800003,220.800003,217.199997,218.199997,197.866898,6260199
7/25/2017,218.399994,219.399994,217.800003,217.800003,197.504181,5236451
7/26/2017,218.399994,220,217.399994,218.800003,198.411011,5593355
7/27/2017,218.800003,223.800003,218.199997,223.600006,202.763702,10464203
7/28/2017,221.800003,222.600006,220.199997,220.600006,200.043274,8198746
7/31/2017,220,224.199997,219.600006,222.800003,202.038269,5920031
8/1/2017,223,228.600006,222,227.600006,206.390961,12635994
8/2/2017,228.800003,233.199997,228.399994,229.800003,208.385956,14872299
8/3/2017,229.399994,231.199997,226.600006,227.600006,206.390961,8748917
8/4/2017,227.399994,228.800003,226.199997,227.600006,206.390961,5310460
8/7/2017,228,229.399994,226,227.600006,206.390961,5502655
8/8/2017,229,232,225.399994,230.600006,209.111435,9034808
8/9/2017,229,230,226.199997,227.800003,206.572311,7293572
8/10/2017,226.399994,227,215.600006,218,197.685532,20348338
8/11/2017,210,214,209.199997,211.199997,191.519211,20112929
8/14/2017,212.600006,213.600006,210.399994,212.199997,192.426025,9290851
8/15/2017,214.199997,214.800003,211,211.199997,191.519211,6378129
8/16/2017,211.600006,214.399994,211.600006,213.199997,193.332825,3566859
8/17/2017,215,215,211.199997,211.600006,191.881927,4843891
8/18/2017,209.399994,210.800003,208,209.600006,190.068329,5702598
8/21/2017,209.199997,210.399994,208.600006,208.800003,189.342865,4318479
8/22/2017,207.800003,209.800003,206.399994,207.199997,190.214966,4460002
8/23/2017,207.199997,207.199997,207.199997,207.199997,190.214966,0
8/24/2017,207,209.199997,206.800003,207.600006,190.582184,3279558
8/25/2017,207,215.399994,206.800003,214,196.457565,10040788
8/28/2017,214.800003,217.600006,212.800003,214.399994,196.824753,8464931
8/29/2017,213.399994,214,211,211.199997,193.887085,4682174
8/30/2017,212.600006,214.399994,210.199997,213.399994,195.906723,4826168
8/31/2017,213.600006,216,212.199997,213.600006,196.090347,5163653
9/1/2017,214,217,213.399994,215,197.37558,5413274
9/4/2017,213,214.600006,211.600006,211.800003,194.437897,4828409
9/5/2017,213.600006,214.399994,211.600006,212,194.621521,3338952
9/6/2017,211.600006,212.199997,209.600006,210.800003,193.519867,4837503
9/7/2017,213.800003,213.800003,209,209.800003,192.601852,3966568
9/8/2017,210.199997,212.399994,210,210,192.785461,2829767
9/11/2017,212,214,212,213.399994,195.906723,4102983
9/12/2017,213.800003,214.199997,211.600006,212.800003,195.355927,3105363
9/13/2017,212.800003,213.199997,210.800003,211.800003,194.437897,4441264
9/14/2017,211,212,209.800003,210.800003,193.519867,3272132
9/15/2017,210.800003,211,208,209.199997,192.051025,5468672
9/18/2017,210.800003,219.199997,210.399994,218.199997,200.313248,13899792
9/19/2017,220.199997,222.399994,216.399994,216.399994,198.660812,8477315
9/20/2017,217,220.600006,216,219,201.047684,5942866
9/21/2017,218.199997,220.600006,218.199997,219.199997,201.231293,4058735
9/22/2017,216,218.199997,215,215.399994,197.742783,4891993
9/25/2017,216,216,210.800003,211.199997,193.887085,5775398
9/26/2017,210,212.600006,209.399994,211.399994,194.070709,3273523
9/27/2017,211,212.600006,211,211.800003,194.437897,2183475
9/28/2017,212,213,209.800003,210,192.785461,4022924
9/29/2017,212,212,209.800003,210,192.785461,3540302
10/3/2017,211.600006,216.600006,211.199997,214.399994,196.824753,6181655
10/4/2017,216.399994,218.800003,214.600006,215.399994,197.742783,4164422
10/6/2017,217,218.199997,215.800003,217.199997,199.395248,5456063
10/9/2017,217.399994,224.199997,217.399994,220.600006,202.516541,14092909
10/10/2017,221,221.800003,218.399994,220.600006,202.516541,4810183
10/11/2017,221.800003,221.800003,216.399994,216.600006,198.844421,5945682
10/12/2017,216.600006,219.399994,216.199997,218.199997,200.313248,4220455
10/13/2017,218.199997,221.800003,218.199997,219.600006,201.598495,5133048
10/16/2017,225,230.199997,224,225.600006,207.106674,26428633
10/17/2017,225,225.199997,221.800003,222,203.801758,8056048
10/18/2017,222.800003,224,222.199997,222.800003,204.536194,3364199
10/19/2017,223.600006,224,216,217.600006,199.762451,10385871
10/20/2017,219.199997,220.800003,218.600006,220.199997,202.149323,4131886
10/23/2017,221.399994,221.399994,218.399994,219.600006,201.598495,4368690
10/24/2017,219.800003,224.199997,218.800003,220.399994,202.332932,4928214
10/25/2017,221.800003,222,219.199997,220,201.965714,3070019
10/26/2017,218.600006,220.600006,217.399994,218.199997,200.313248,4124656
10/27/2017,218.199997,220.199997,218.199997,219.199997,201.231293,2791453
10/30/2017,220,220.600006,217,217,199.211624,4151413
10/31/2017,216.600006,218,216.399994,217.199997,199.395248,3302284
11/1/2017,218,221.800003,217.800003,221.199997,203.067352,5918204
11/2/2017,222.399994,226.600006,221.600006,223.800003,205.454224,12435549
11/3/2017,225,225,223.399994,224.199997,205.821396,4101081
11/6/2017,223.600006,224,218.399994,224,205.637802,6231597
11/7/2017,223.800003,229.800003,223.199997,228.399994,209.677155,11964133
11/8/2017,227,235,225.199997,227,208.391891,20657152
11/9/2017,229.399994,231.199997,228,230.399994,211.513184,7774930
11/10/2017,229,230.800003,227.800003,229.600006,210.778778,4862064
11/13/2017,228.800003,235.600006,228.800003,235.399994,216.103317,10310279
11/14/2017,235.399994,238.800003,233.600006,235.600006,216.286896,10234219
11/15/2017,234,235.600006,230,230.399994,211.513184,8403128
11/16/2017,231.800003,233.399994,230,233.199997,214.083649,5351355
11/17/2017,234.399994,237,232.199997,233.800003,214.634476,6807787
11/20/2017,233,234.199997,230.199997,232,212.982025,4789032
11/21/2017,232.600006,245,232,244.800003,224.732742,28249975
11/22/2017,249.600006,255,245.399994,254.199997,233.362198,29495133
11/23/2017,254,257.600006,245.199997,248,227.670456,16333165
11/24/2017,248,251.800003,245.399994,247,226.752441,9312794
11/27/2017,245.399994,246.199997,240.800003,240.800003,221.060669,8476147
11/28/2017,239,242,234.600006,240.800003,221.060669,12777803
11/29/2017,242.800003,245,240,240,220.326248,6930926
11/30/2017,238.600006,240,234.800003,235.199997,215.919708,8554488
12/1/2017,237.800003,239.800003,235.600006,235.600006,216.286896,7740160
12/4/2017,235.600006,240.600006,233.600006,235,215.736099,6700903
12/5/2017,233,236.800003,228.800003,228.800003,210.044342,8864835
12/6/2017,230,231.600006,220,220,201.965714,20060811
12/7/2017,222.600006,224,218.600006,223.399994,205.087006,9213222
12/8/2017,223.600006,228.399994,223.199997,227.399994,208.759094,9190464
12/11/2017,228.399994,231.399994,226.600006,231.399994,212.431213,7023633
12/12/2017,229.399994,232,226.800003,228.199997,209.49353,6139525
12/13/2017,229,230,226.600006,229.399994,210.595154,5123378
12/14/2017,230,230.600006,227.600006,229,210.227951,4525675
12/15/2017,226,227.199997,224.399994,226.399994,207.841095,6029698
12/18/2017,228.399994,237,227.399994,236,216.654129,15773184
12/19/2017,238,238.199997,233.199997,233.199997,214.083649,6358460
12/20/2017,233.199997,234.800003,232.199997,232.600006,213.532837,3271080
12/21/2017,232,237,231.600006,235.800003,216.470505,4919831
12/22/2017,236.800003,237,235.600006,236,216.654129,2610519
12/27/2017,237.199997,238.600006,235.399994,236.600006,217.204926,3762430
12/28/2017,237.800003,240,236.600006,240,220.326248,4753410
12/29/2017,240,242.600006,238.600006,239.800003,220.142624,6093304
1/2/2018,242,250.199997,241.800003,250.199997,229.690094,14581940
1/3/2018,251.199997,253.199997,248.199997,249.199997,228.772079,9056401
1/4/2018,251,254.800003,249,254.600006,233.729416,9634560
1/5/2018,254.600006,255,250.600006,253.199997,232.444168,6869879
1/8/2018,255,262,252.600006,262,240.522827,12682949
1/9/2018,260,270,259.799988,269,246.94899,16997073
1/10/2018,268.399994,275,268,271.799988,249.51944,14666939
1/11/2018,271.799988,272.600006,265.600006,268.399994,246.398178,10142463
1/12/2018,271.600006,274.799988,268.200012,274.799988,252.273514,10766870
1/15/2018,280,280,271.200012,272.399994,250.070282,14078612
1/16/2018,272.600006,288.399994,272.600006,288.399994,264.758667,21911252
1/17/2018,285,295.600006,284.200012,295.600006,271.368469,23113632
1/18/2018,296.799988,301,292.600006,297.600006,273.204498,23241009
1/19/2018,297,298.399994,293,294.799988,270.634064,12108548
1/22/2018,295,302.799988,291.799988,301,276.325775,15669544
1/23/2018,303,306,301.799988,303.399994,278.529053,14476834
1/24/2018,302.799988,304.600006,298.200012,301.399994,276.693024,13079378
1/25/2018,300,301,293,293,268.981598,13067563
1/26/2018,295.200012,300,295.200012,297.399994,273.020966,13636703
1/29/2018,299.799988,301.799988,291.600006,292.200012,268.247253,12367229
1/30/2018,291.200012,294.799988,287,288,264.39151,15878685
1/31/2018,285,296.399994,284.399994,296.399994,272.102875,15904686
2/1/2018,296,296.600006,290.200012,290.799988,266.961945,8751050
2/2/2018,288,292,286,289,265.309479,8191863
2/5/2018,278,287.799988,278,286.200012,262.739075,16002487
2/6/2018,276.200012,280,266.600006,266.799988,244.929291,35449216
2/7/2018,276,279.799988,267.399994,267.799988,245.847351,22478974
2/8/2018,267,275,267,271,248.785004,12149785
2/9/2018,260.200012,261.600006,255.199997,258.200012,237.034317,27291859
2/12/2018,260.799988,263,257,258,236.850708,10611228
2/13/2018,263,267.799988,262,266,244.194916,12325390
2/14/2018,267.200012,272.799988,266,272.799988,250.437454,9479635
2/15/2018,276.600006,280,275.799988,280,257.047272,8903961
2/20/2018,278,281.799988,274.200012,277.799988,255.027588,9463176
2/21/2018,277.600006,283.200012,276.600006,283.200012,259.984985,7057229
2/22/2018,280.200012,283.399994,278.200012,280,257.047272,7348437
2/23/2018,283,285.799988,282,285.799988,262.371826,7169074
2/26/2018,290,295.799988,288.200012,295.799988,271.552094,14127138
2/27/2018,296.799988,297.200012,288.799988,289.799988,266.043915,13331855
2/28/2018,287,289.600006,282.200012,284,260.719391,10563349
3/1/2018,281.399994,291.600006,279.600006,291.600006,267.696381,11931731
3/2/2018,285.799988,288.600006,285,285.799988,262.371826,7508021
3/5/2018,285,288.200012,277.200012,277.200012,254.476822,10916574
3/6/2018,282.399994,284.600006,279,283,259.801331,7498437
3/7/2018,279.600006,284,277.600006,278,255.211227,7955406
3/8/2018,281.399994,284,280.200012,283,259.801331,7234540
3/9/2018,285,286.399994,283.200012,284.200012,260.902985,4783908
3/12/2018,288.399994,292.200012,287,292.200012,268.247253,10303133
3/13/2018,291.399994,292.399994,288.200012,291,267.145508,5379331
3/14/2018,288,289.600006,286,289,265.309479,4180331
3/15/2018,286,290,286,289.600006,265.860352,4137276
3/16/2018,286,288.799988,281.799988,282,258.883331,12388994
3/19/2018,281,281.799988,277,277,254.293198,10276314
3/20/2018,274.799988,276,271,274,251.539108,10992593
3/21/2018,275.799988,278,269.200012,269.200012,247.132614,12437388
3/22/2018,270,271,261.399994,264,242.358871,13534962
3/23/2018,255,259,253.600006,256.799988,235.749054,17604382
3/26/2018,255,260.799988,255,260.200012,238.870361,10601261
3/27/2018,264.799988,265.799988,262.200012,263.399994,241.808044,9185432
3/28/2018,260,260.799988,255,255.199997,234.280212,9095751
3/29/2018,255.600006,257.399994,251.800003,255.199997,234.280212,7101895
4/3/2018,253,254.399994,250,252.800003,232.076981,7511452
4/4/2018,253.600006,257.799988,249,249,228.58847,6801059
4/6/2018,251.600006,253.800003,248,250.600006,230.057312,5705905
4/9/2018,251.399994,257.799988,250.399994,255.399994,234.463821,8878147
4/10/2018,254,262,254,260.799988,239.421173,8364158
4/11/2018,260.200012,270.399994,259.200012,264.600006,242.909668,14767252
4/12/2018,267.799988,268.399994,263,265.399994,243.644104,5872297
4/13/2018,267.600006,268.200012,263,264.200012,242.54245,3911527
4/16/2018,264,264.200012,257,258.799988,237.585114,4765153
4/17/2018,258.799988,260.600006,255,255.399994,234.463821,4425555
4/18/2018,258.799988,260,253.800003,255.800003,234.831055,4512418
4/19/2018,257.600006,261.600006,257.200012,260.399994,239.053955,4754777
4/20/2018,259.399994,264.799988,259,260.200012,238.870361,4821027
4/23/2018,260.399994,263,258,258.799988,237.585114,4415320
4/24/2018,258.799988,262.399994,258.600006,262,240.522827,4567776
4/25/2018,261.200012,262,258,259,237.768723,4668828
4/26/2018,258.399994,259.799988,252.199997,254,233.178574,6828794
4/27/2018,254.600006,254.600006,251,252.399994,234.339127,3761029
4/30/2018,254.399994,258.600006,254,257.200012,238.79567,5818673
5/2/2018,258.799988,261.600006,257.399994,259.200012,240.652573,4873772
5/3/2018,259.600006,259.600006,253.399994,257.200012,238.79567,3706279
5/4/2018,257,258.200012,252.399994,254.399994,236.19603,6078197
5/7/2018,255,255.600006,250.199997,252,233.967773,4558702
5/8/2018,253.600006,257.200012,253.199997,256.200012,237.867218,3924062
5/9/2018,256.200012,260.399994,254.600006,257,238.609985,5337220
5/10/2018,260,260,257.200012,258.200012,239.724121,3518522
5/11/2018,260,265.200012,258.799988,262,243.252213,8714188
5/14/2018,265,267.399994,264.200012,265.600006,246.594589,6858179
5/15/2018,266.600006,266.600006,260.600006,261.200012,242.50946,4938098
5/16/2018,260,261,257.799988,260.200012,241.581009,3769587
5/17/2018,262.799988,262.799988,258,259,240.466873,3713418
5/18/2018,260,261.600006,258.399994,259.399994,240.838257,2960855
5/21/2018,261.799988,266.799988,261.799988,262.399994,243.62355,5969377
5/23/2018,261,262.600006,259.399994,259.399994,240.838257,5463245
5/24/2018,260,261,258,260.399994,241.766693,4260724
5/25/2018,260.200012,260.799988,258.600006,260,241.39534,3777819
5/28/2018,261.600006,261.799988,258.799988,260.200012,241.581009,2799061
5/29/2018,259,260.600006,257,257.600006,239.167068,4033673
5/30/2018,254.600006,255,250.399994,252.399994,234.339127,8836679
5/31/2018,254,255.199997,252,253.800003,235.638992,4599390
6/1/2018,256,257.600006,253.399994,253.800003,235.638992,4190966
6/4/2018,255.600006,258.399994,255,257.799988,239.352737,4322159
6/5/2018,256.399994,259,254.800003,258,239.538452,4835935
6/6/2018,258,260.399994,257.399994,258.600006,240.095505,3560059
6/7/2018,261.200012,265.399994,260.799988,263.399994,244.552017,9786650
6/8/2018,261.399994,262.799988,259.200012,260,241.39534,4529256
6/11/2018,259.799988,262.799988,259.200012,261.200012,242.50946,2749068
6/12/2018,260,262.600006,259.200012,260.600006,241.952377,2511219
6/13/2018,260.799988,260.799988,257.399994,257.600006,239.167068,4327445
6/14/2018,256,258.200012,254,255.600006,237.31015,5289458
6/15/2018,255,256.399994,254.600006,255.399994,237.124466,4495212
6/19/2018,252,252.600006,247.199997,247.800003,230.068314,14581497
6/20/2018,248,251.399994,245,248.199997,230.439697,5785575
6/21/2018,248.199997,250.199997,242.199997,244,226.540222,8418594
6/22/2018,241,242.600006,240,242.199997,224.869019,7800273
6/25/2018,242,244.199997,237.600006,239.199997,222.083694,7806101
6/26/2018,237.600006,238,232.600006,236.800003,219.855423,9460374
6/27/2018,237.199997,237.800003,230,230.399994,213.913391,10667129
6/28/2018,230.399994,234.399994,228,232.399994,215.770279,9493211
6/29/2018,232,237,232,236,219.112656,6443177
7/3/2018,231.800003,234.399994,228.399994,233.199997,216.513031,7281331
7/4/2018,233.199997,234,227.600006,229.600006,213.170654,5944471
7/5/2018,230.199997,231,225.199997,227.399994,211.128052,6536464
7/6/2018,228.399994,230.600006,225.399994,228.800003,212.427887,6235965
7/9/2018,232.600006,234.600006,230.600006,233,216.327347,5721784
7/10/2018,234,237.600006,234,234,217.255768,5017550
7/11/2018,229.399994,233,229.399994,231.800003,215.213211,4072204
7/12/2018,231.600006,235,231.399994,233.399994,216.6987,3571513
7/13/2018,236.600006,236.800003,233.800003,234.199997,217.441483,3506651
7/16/2018,236,236,231.600006,233.800003,217.070099,1973291
7/17/2018,231,235.399994,230.800003,232,215.398911,3975458
7/18/2018,235,235.399994,231.600006,233.399994,216.6987,4746059
7/19/2018,233,234.800003,232.199997,232.399994,215.770279,2146768
7/20/2018,230.800003,235.399994,228.399994,234.199997,217.441483,5290323
7/23/2018,234.600006,235.399994,231.800003,234,217.255768,2577466
7/24/2018,232.600006,238,232.600006,237.199997,220.226807,5767927
7/25/2018,238.800003,240,237.600006,239,221.89801,4368799
7/26/2018,240,240,234.600006,237.399994,220.412476,3198554
7/27/2018,238.399994,238.399994,235,236.800003,219.855423,1973567
7/30/2018,235.600006,237.600006,233.199997,235.199997,218.369919,3248728
7/31/2018,238,238,231,231.600006,215.027527,4163626
8/1/2018,231.800003,234,228.600006,229.199997,212.799255,4101549
8/2/2018,228,229.199997,223,224.199997,208.157028,6510709
8/3/2018,224.399994,225.199997,222.600006,224,207.971344,4057089
8/6/2018,224,227.199997,222.600006,224,207.971344,3265071
8/7/2018,225.199997,226.800003,223.199997,226.800003,210.570984,2993739
8/8/2018,227,232.800003,226,229,212.613571,5849061
8/9/2018,228,233.800003,227.399994,232.199997,215.584595,4367938
8/10/2018,233.600006,233.600006,229,230.199997,213.727707,2977230
8/13/2018,227.600006,228.800003,226.600006,227.600006,211.313736,2988025
8/14/2018,227,227.399994,223.399994,224.199997,208.157028,4450471
8/15/2018,224.800003,225,220,220.399994,204.628952,4787903
8/16/2018,217.800003,223,217.399994,218.800003,203.143463,5745034
8/17/2018,221,222,218.199997,220,204.257568,4338080
8/20/2018,221,224.800003,220.399994,224.399994,208.342728,5305766
8/21/2018,221,223.800003,220.199997,221.399994,208.946716,5405961
8/22/2018,220.399994,224.600006,219,223.800003,211.211746,4766873
8/23/2018,224,225,221.399994,222.399994,209.890472,2849350
8/24/2018,220.199997,222.800003,220,221.399994,208.946716,2484256
8/27/2018,223.800003,227.600006,223,226,213.287994,4861229
8/28/2018,230,232.800003,228.399994,230.199997,217.251755,9375339
8/29/2018,230,231.600006,227.800003,229.800003,216.874268,4525150
8/30/2018,231.800003,231.800003,227.399994,228.199997,215.364243,2830609
8/31/2018,225.800003,225.800003,223.199997,223.399994,210.834229,5150120
9/3/2018,222.600006,224.800003,220.800003,222,209.512985,4007340
9/4/2018,221.600006,224.800003,220.600006,224.600006,211.966736,2798190
9/5/2018,223.600006,224.800003,218.800003,219.800003,207.436737,4189898
9/6/2018,219,221,215.600006,217.399994,205.171707,4054288
9/7/2018,216.800003,219,213.199997,216.800003,204.605469,4211542
9/10/2018,216.800003,217,212,214.399994,202.340454,4666347
9/11/2018,214.399994,215.399994,211,211.199997,199.320435,4476545
9/12/2018,211,211.399994,207.399994,209.600006,197.810486,4973226
9/13/2018,213,218,212.800003,218,205.737976,6712518
9/14/2018,220,221.600006,218,221,208.569229,5740435
9/17/2018,217.399994,219.199997,215.800003,217.800003,205.549225,3770928
9/18/2018,217.199997,221.399994,215.399994,220.399994,208.00296,4065959
9/19/2018,220.399994,226,219.399994,224.399994,211.777985,6523329
9/20/2018,226.800003,226.800003,223.600006,225,212.344238,4618558
9/21/2018,226.800003,229.800003,223,229,216.119263,7795846
9/24/2018,228.199997,228.800003,223.600006,224,211.400482,3289511
9/26/2018,223.800003,229.199997,223.800003,227,214.23175,6016068
9/27/2018,228,228.399994,224.199997,226.199997,213.476746,4032300
9/28/2018,227.600006,227.800003,223.399994,224,211.400482,4428713
10/2/2018,226.800003,226.800003,218.199997,218.600006,206.30423,4886938
10/3/2018,218.199997,219.399994,216.199997,217.399994,205.171707,3880773
10/4/2018,216,217.199997,214.399994,214.399994,202.340454,3456331
10/5/2018,212.199997,214.600006,211,213.800003,201.774216,3868274
10/8/2018,214.800003,215.800003,210,210.600006,198.754227,4249380
10/9/2018,211,212.600006,208.600006,210.600006,198.754227,4296880
10/10/2018,210.600006,211.800003,208.800003,208.800003,197.055466,3238930
10/11/2018,200.600006,206.800003,195.600006,196.699997,185.636047,14313440
10/12/2018,198,202.399994,197.5,201,189.694183,6167062
10/15/2018,200.600006,201.600006,198,199.399994,188.184174,4310053
10/16/2018,201,202,198,199.800003,188.561676,3054423
10/18/2018,208.199997,208.199997,201.399994,202.800003,191.392944,7437505
10/19/2018,200.800003,210.600006,200.199997,209,197.244202,9764832
10/22/2018,209,217.800003,209,216,203.850464,9098932
10/23/2018,218,218,209,209.600006,197.810486,8038331
10/24/2018,213,215.800003,210.399994,211,199.131699,5208755
10/25/2018,207,211.399994,205.800003,210.600006,198.754227,5159519
10/26/2018,211.800003,213,207,208.800003,197.055466,3941704
10/29/2018,212.199997,212.199997,204.600006,205.399994,193.846695,6116019
10/30/2018,203.800003,209,203.199997,204.600006,193.091721,3221387
10/31/2018,205.800003,208.399994,205,208,196.300446,3510957
11/1/2018,213,214.399994,209,213.600006,201.58548,5547425
11/2/2018,221.199997,228,220.600006,227.199997,214.420502,16687938
11/5/2018,224.800003,224.800003,220,221,208.569229,4170461
11/6/2018,222.800003,222.800003,218.800003,221.800003,209.324234,2878255
11/7/2018,221.800003,230.399994,220,224.399994,211.777985,6696239
11/8/2018,227,229.399994,225.399994,227,214.23175,5794673
11/9/2018,227,227,220.199997,221.399994,208.946716,3368767
11/12/2018,222.199997,223.800003,221,222.800003,210.26799,2024085
11/13/2018,217.600006,224.800003,216.199997,224.800003,212.155502,3893338
11/14/2018,227,227,223.600006,225.600006,212.910492,2336716
11/15/2018,226.600006,229.800003,224,229,216.119263,4623745
11/16/2018,229,230,226,228.399994,215.552994,2801169
11/19/2018,228,230.600006,227.399994,228,215.175507,3269400
11/20/2018,227,228,224,224.199997,211.589233,3136237
11/21/2018,224.199997,225.399994,222,225,212.344238,2609684
11/22/2018,226,228.600006,223,226.399994,213.665482,3124021
11/23/2018,226.800003,227.399994,224.600006,226,213.287994,1853028
11/26/2018,228.600006,230.600006,226.800003,229.399994,216.49675,3458806
11/27/2018,229.600006,230,226.800003,228.199997,215.364243,2517837
11/28/2018,229.199997,230.600006,227.800003,230.399994,217.440506,3239279
11/29/2018,231.800003,232,227.800003,228.199997,215.364243,3077753
11/30/2018,228.800003,229.399994,227.600006,228,215.175507,3034537
12/3/2018,233,235.800003,231.600006,235,221.781769,8370860
12/4/2018,234,239.800003,233.800003,239.800003,226.311783,6523305
12/5/2018,235,237,233.800003,235.800003,222.536789,3800223
12/6/2018,233.199997,234,228.399994,231,218.006744,5613686
12/7/2018,235,235,229,229,216.119263,3585495
12/10/2018,227.199997,227.600006,223.199997,225.399994,212.721725,3512641
12/11/2018,226,228.399994,225,227,214.23175,1983323
12/12/2018,228.800003,230.800003,226.199997,230,217.063004,3213661
12/13/2018,231.399994,234.600006,230.800003,234.199997,221.026749,3900959
12/14/2018,231.600006,232.800003,231,232.199997,219.139267,2513495
12/17/2018,233,233.199997,230.399994,231.199997,218.195511,2638882
12/18/2018,231,232.600006,228.600006,229.600006,216.685501,3166073
12/19/2018,231.399994,231.399994,230,231.399994,218.384247,2092546
12/20/2018,231.199997,232,226.399994,227.600006,214.798004,3106009
12/21/2018,227,229,224.199997,228.199997,215.364243,4268967
12/24/2018,226.199997,227.600006,225,227.600006,214.798004,972560
12/27/2018,228,231.199997,224.600006,225.199997,212.53299,2560428
12/28/2018,225.199997,227,223.800003,225.199997,212.53299,2254031
12/31/2018,227,229,226,226.600006,213.854248,1728360
1/2/2019,228.600006,228.600006,221.199997,222,209.512985,3769442
1/3/2019,223,223.800003,218.800003,221.199997,208.75798,3193250
1/4/2019,221,227,220,227,214.23175,3875208
1/7/2019,230,232,228.800003,231,218.006744,3896748
1/8/2019,231.399994,231.600006,228.399994,229.199997,216.307999,1947544
1/9/2019,232.199997,237,229.800003,235.800003,222.536789,6392848
1/10/2019,232.600006,236,231.399994,234,220.838013,3132511
1/11/2019,235.199997,235.600006,233.600006,235,221.781769,2304079
1/14/2019,235,235.600006,231,233.199997,220.082993,1736782
1/15/2019,234.199997,237,233,237,223.669266,3615384
1/16/2019,234.600006,238.600006,234.600006,238.600006,225.17926,3005275
1/17/2019,239,240.600006,237.199997,238.199997,224.801758,3923574
1/18/2019,239.600006,240.399994,238.199997,239.399994,225.934265,4191019
1/21/2019,242,245.399994,240.800003,243,229.331772,6480424
1/22/2019,242.199997,243.800003,239.600006,241,227.44426,3253243
1/23/2019,241,242.800003,239.199997,240.199997,226.689255,2139092
1/24/2019,242,242,239.399994,240.199997,226.689255,1571518
1/25/2019,241.600006,243.600006,241,242.800003,229.143051,3070120
1/28/2019,243.600006,245,242,244,230.275528,3502077
1/29/2019,243.600006,243.800003,240.199997,242,228.388016,2930018
1/30/2019,243.800003,243.800003,239.800003,241.199997,227.633011,3164923
1/31/2019,244,244.600006,242.600006,244,230.275528,3549117
2/1/2019,245.600006,246,242,243.600006,229.898026,2931515
2/4/2019,245.199997,245.199997,241.199997,243.800003,230.086792,1656368
2/8/2019,243.800003,243.800003,240.199997,240.800003,227.255539,2925165
2/11/2019,240.800003,242.199997,238.399994,241.800003,228.199295,2820420
2/12/2019,245.199997,253,244,252,237.825562,14083664
2/13/2019,256,260.399994,254,258.799988,244.243042,12189940
2/14/2019,258.200012,259,256,257.799988,243.299286,4564838
2/15/2019,256.399994,257,250.399994,251,236.881805,5994014
2/18/2019,255,255.600006,252,253,238.769302,4173119
2/19/2019,255,261.399994,253,257.399994,242.921814,7451538
2/20/2019,258.399994,260.200012,257.200012,260,245.375565,5470103
2/21/2019,260.399994,266,258.600006,264,249.150543,8224236
2/22/2019,264.600006,266.799988,262.600006,266.799988,251.79306,5309204
2/25/2019,269.399994,275,268.200012,273.799988,258.399353,11793378
2/26/2019,276,276.799988,269.600006,270,254.813049,9302240
2/27/2019,273,277.600006,267.200012,268,252.925552,12288419
2/28/2019,266.200012,274.600006,266,270.600006,255.379349,7309971
3/1/2019,273.799988,275.399994,270.600006,275.399994,259.909332,6925893
3/4/2019,275.600006,281,275.200012,279.200012,263.495605,9818688
3/5/2019,278.399994,280.600006,275.399994,277.600006,261.985626,5117149
3/6/2019,276.399994,279.399994,276,278.600006,262.929382,3972790
3/7/2019,275.799988,277.399994,270.200012,271.600006,256.32309,5616006
3/8/2019,269,269.799988,264.399994,266.600006,251.60434,6030242
3/11/2019,267.799988,272.200012,267.399994,272.200012,256.889374,5018939
3/12/2019,273,278.200012,272.200012,277.399994,264.783173,7856320
3/13/2019,277.399994,277.799988,273.799988,275.399994,262.874146,4898352
3/14/2019,277,277.600006,272,272.399994,260.01062,3801515
3/15/2019,272.200012,277.399994,272,274.799988,262.301453,4627171
3/18/2019,277.399994,281.799988,276.200012,280.600006,267.837646,6892674
3/19/2019,281,281,275.399994,278.399994,265.737732,4220149
3/20/2019,276.200012,278,273.399994,274,261.537811,4526182
3/21/2019,275.799988,276,271.399994,272,259.628754,4597321
3/22/2019,275.200012,275.399994,270.600006,272.799988,260.392426,3678448
3/25/2019,266,269.200012,264.600006,265.399994,253.32901,7259875
3/26/2019,266.600006,268.399994,264.200012,265.799988,253.710785,4033667
3/27/2019,265.799988,269.200012,265.799988,268.200012,256.001648,3657578
3/28/2019,267.399994,268.600006,263.200012,267.399994,255.237976,3917147
3/29/2019,269,274,268.200012,273.600006,261.156036,5012767
4/1/2019,275.399994,278,275.399994,277.600006,264.974091,5464137
4/2/2019,279.200012,280.799988,277.600006,278.600006,265.928619,5712247
4/3/2019,280,281,278.600006,280.799988,268.028534,6455536
4/4/2019,280.600006,280.600006,277,280,267.264954,3775903
4/8/2019,281,286.200012,280.600006,285.399994,272.419312,9742701
4/9/2019,284.200012,285.799988,281.600006,282.399994,269.555786,6048539
4/10/2019,280,281.399994,277.600006,281,268.219482,3513667
4/11/2019,282,282.600006,276.799988,277,264.401398,4360055
4/12/2019,277,278,274,276.600006,264.019592,3702156
4/15/2019,278.600006,282,274,274.399994,261.919647,4516909
4/16/2019,276.200012,279,274,278,265.355927,2819680
4/17/2019,279,279,275.200012,278,265.355927,2441744
4/18/2019,278,278,276,277.200012,264.592316,2404346
4/23/2019,275.200012,279.399994,273.200012,277,264.401398,2924776
4/24/2019,277.200012,278.600006,273,273.399994,260.965118,4319162
4/25/2019,273,274.600006,270.399994,270.399994,258.101563,3151898
4/26/2019,270.399994,273,270.399994,272.799988,260.392426,2767078
4/29/2019,273.799988,274.600006,271.799988,273.799988,261.346924,2269043
4/30/2019,273.799988,273.799988,270,272,259.628754,2682273
5/2/2019,270,278.799988,270,276.799988,264.21048,5042004
5/3/2019,277.399994,279.799988,274,278.200012,265.546844,2822914
5/6/2019,267.200012,269.200012,265,266,253.901672,10175617
5/7/2019,268,268,262.399994,265.200012,253.138092,4986155
5/8/2019,261,266.200012,260.399994,261,249.12912,5314692
5/9/2019,258.799988,259.600006,247.399994,248,236.720383,15028277
5/10/2019,251,255,246,252,240.538437,8571879
5/14/2019,245,250,244.600006,247.199997,235.956772,7973803
5/15/2019,248,251.600006,248,248,236.720383,3573988
5/16/2019,247.399994,249.399994,245.800003,247.600006,236.338593,2492994
5/17/2019,249.600006,249.600006,243.199997,244.600006,233.475006,5062871
5/20/2019,243,244.800003,239,242.199997,231.184174,6929731
5/21/2019,242,247.800003,242,244.600006,233.475006,3884374
5/22/2019,247.600006,250.600006,245.800003,249.600006,238.247604,5474427
5/23/2019,246,247.800003,245.399994,246.399994,235.19313,3954349
5/24/2019,248.800003,249.399994,246,248,236.720383,4139230
5/27/2019,248,251.399994,246,249.199997,237.865784,3333694
5/28/2019,252.600006,258,252.399994,254.600006,243.020203,8357125
5/29/2019,257,257.799988,253.600006,255.399994,243.783798,5094020
5/30/2019,256,256.200012,250.800003,251.600006,240.156647,5822690
5/31/2019,250,253,247.600006,249.399994,238.056702,3699876
6/3/2019,247.399994,248.399994,243.600006,246.600006,235.384064,3565386
6/4/2019,249.399994,249.399994,244.199997,244.600006,233.475006,4049820
6/5/2019,249,250.399994,246.800003,248.800003,237.484009,4742195
6/6/2019,250,254,249.399994,250.600006,239.202133,4017953
6/10/2019,257,258,253.199997,258,246.265549,6555626
6/11/2019,259.799988,266.799988,259,264.799988,252.756271,8382651
6/12/2019,262,262.200012,258.399994,259.200012,247.410995,4844931
6/13/2019,258.200012,262.799988,255,262.399994,250.465424,5744564
6/14/2019,261.600006,262.399994,258.200012,260.399994,248.556381,3299767
6/17/2019,263.399994,264.799988,261.600006,263.799988,251.801727,5284843
6/18/2019,265.399994,271.200012,264.200012,271,258.674316,11479952
6/19/2019,278,278.600006,275.600006,277.799988,265.164978,9060410
6/20/2019,277.799988,279,276,278.200012,265.546844,5070032
6/21/2019,278,278.600006,274.399994,276.799988,264.21048,6527586
6/24/2019,275.200012,279,275.200012,276.399994,263.828705,3057332
6/25/2019,276.399994,277,271.600006,272.200012,259.819702,4373997
6/26/2019,271,275.600006,270.799988,273.200012,260.774231,2404531
6/27/2019,275,277,274,277,264.401398,3463492
6/28/2019,277,277,272.600006,275.799988,263.25592,3182699
7/2/2019,280,282,279,280,267.264954,5599283
7/3/2019,280,280,278,279.600006,266.883118,2247413
7/4/2019,278.399994,281.200012,278,278,265.355927,2148082
7/5/2019,278,279,275.600006,278.399994,265.737732,1782118
7/8/2019,276,276,272.200012,274.200012,261.72876,2939232
7/9/2019,272.399994,274,270.200012,270.600006,258.29248,3525973
7/10/2019,272.200012,274.200012,270.799988,270.799988,258.483398,2564475
7/11/2019,273.200012,274.600006,272.200012,273.399994,260.965118,2098834
7/12/2019,274.799988,276,272.799988,275.399994,262.874146,2715160
7/15/2019,272,273.399994,269.399994,272.200012,259.819702,6003246
7/16/2019,272.200012,274.799988,272.200012,273.600006,261.156036,2521320
7/17/2019,272,273.799988,270.799988,273.600006,261.156036,1778548
7/18/2019,271.600006,273.399994,271.600006,273,260.583313,1401058
7/19/2019,274,274.799988,271,273.399994,260.965118,4145022
7/22/2019,272,272.399994,265.399994,266.600006,254.47438,6150997
7/23/2019,266.200012,268,266,267.399994,255.237976,2320258
7/24/2019,267.399994,270.399994,265.399994,266.799988,254.665298,4683963
7/25/2019,265.799988,270,265,268.799988,256.574371,3011046
7/26/2019,268,270.200012,267.399994,268.600006,256.383453,2074046
7/29/2019,267,268,263.200012,265,252.947174,3426922
7/30/2019,267,267.799988,265.399994,266.399994,254.283524,2813202
7/31/2019,264,266.399994,262.200012,265.600006,253.519897,2547077
8/1/2019,261.799988,266.799988,261.799988,264.600006,252.565353,3779697
8/2/2019,259.600006,261,254.199997,256.200012,244.54744,8133449
8/5/2019,250.399994,252,247.199997,247.800003,236.52948,8476649
8/6/2019,238,245.600006,238,244.800003,233.665939,11988318
8/7/2019,243.199997,246.800003,241.800003,246.600006,235.384064,4839857
8/8/2019,244.800003,248.800003,244.800003,246.800003,235.574982,4542579
8/9/2019,249.199997,249.399994,241.800003,242.199997,231.184174,4886283
8/12/2019,240.800003,241.800003,239.399994,239.800003,228.893341,4997493
8/13/2019,236.199997,237.199997,233.399994,234,223.357117,7937918
8/14/2019,240,240.800003,231.199997,235.199997,224.502548,6228560
8/15/2019,231.199997,239.399994,230,238,227.175201,9130954
8/16/2019,237.199997,245.199997,236,245,233.856812,8368065
8/19/2019,245.399994,253.600006,245.399994,252.800003,241.302063,8629233
8/20/2019,251,253.399994,250.199997,252.399994,240.920242,4690382
8/21/2019,251,254.399994,249.800003,254.399994,242.829285,3249303
8/22/2019,255.199997,255.600006,250.600006,251.600006,240.156647,3724510
8/23/2019,249.399994,253,249.199997,252.399994,240.920242,2818063
8/26/2019,242.600006,247.399994,241.199997,247,235.765854,5555816
8/27/2019,244.199997,245.600006,240.199997,241.399994,233.943924,3915166
8/28/2019,243,243,240.199997,241.600006,234.137756,2653818
8/29/2019,243.399994,243.399994,239.800003,242.399994,234.91304,2770727
8/30/2019,245,245,238,240,232.587158,4213790
9/2/2019,239.800003,240,236.800003,237.600006,230.261307,3248019
9/3/2019,237,239.600006,235.399994,236.800003,229.486008,3190522
9/4/2019,235.600006,250,235.600006,248,240.340088,11937487
9/5/2019,247.600006,254,243.199997,247.199997,239.564774,7276313
9/6/2019,251.800003,254.800003,248.600006,249.399994,241.696823,5851775
9/9/2019,249.800003,252,248.399994,249.399994,241.696823,2880620
9/10/2019,250,250.800003,244.399994,245.199997,237.626556,3378697
9/11/2019,243.600006,246,239.199997,246,238.40184,7821852
9/12/2019,238,240,236.600006,237.399994,230.067474,19915954
9/13/2019,238,241.399994,236.800003,240.800003,233.362457,9292271
9/16/2019,238,239,234.399994,235,227.741592,10297582
9/17/2019,235.199997,235.800003,231.399994,232.600006,225.415726,6845012
9/18/2019,232.800003,234.800003,232.600006,233.199997,225.997192,3449299
9/19/2019,234.600006,234.600006,229.600006,230.199997,223.089859,5889296
9/20/2019,230,232.600006,229.600006,230.199997,223.089859,3466929
9/23/2019,228.399994,230,224.199997,225.800003,218.82576,9032814
9/24/2019,225.800003,226.800003,223.199997,225.800003,218.82576,6710108
9/25/2019,224,225,222,222.600006,215.724594,4760528
9/26/2019,224.399994,225.800003,223.800003,225.199997,218.244278,6096681
9/27/2019,225.199997,227.199997,223,226.800003,219.794861,3816536
9/30/2019,227,232.600006,225.800003,230,222.896042,9225860
10/2/2019,227,228.800003,225.399994,228.399994,221.345444,5354953
10/3/2019,225.600006,230,225,229.399994,222.31456,3391158
10/4/2019,229,229.199997,224,226,219.019592,3964996
10/8/2019,232.199997,234.199997,228,231.199997,224.05896,9642402
10/9/2019,228.399994,230.800003,227.399994,229.600006,222.508392,5532961
10/10/2019,230.199997,233.800003,228.600006,232,224.834259,4659778
10/11/2019,234,238.600006,233.800003,237.199997,229.873642,8524168
10/14/2019,237.399994,238.399994,235.800003,237.199997,229.873642,5249208
10/15/2019,239,239,235.399994,236.399994,229.098358,3134601
10/16/2019,236,237.199997,234.199997,236.199997,228.904526,3779805
10/17/2019,235.600006,237.199997,234.399994,237,229.67984,3279760
10/18/2019,238,240.600006,237.199997,238.199997,230.842773,8140371
10/21/2019,239.199997,243.199997,239,242.600006,235.106873,7348182
10/22/2019,243,243,241.800003,242.199997,234.719208,3100384
10/23/2019,243,243,238,241.199997,233.750107,3302937
10/24/2019,242,242.199997,239.199997,240.800003,233.362457,2065159
10/25/2019,240,242.399994,238.399994,241.199997,233.750107,3179476
10/28/2019,241,243.600006,241,243.199997,235.688324,3413294
10/29/2019,244.199997,245,241,242.399994,234.91304,4444556
10/30/2019,242.399994,243.600006,240,241,233.556274,2005068
10/31/2019,242.600006,248.600006,242.600006,245,237.432724,5123308
11/1/2019,244,248,244,247.399994,239.758606,4008625
11/4/2019,248.399994,250,248,250,242.278305,3910008
11/5/2019,250,251,248.199997,250.199997,242.472122,3748487
11/6/2019,250.399994,251.600006,247.399994,251.199997,243.441238,3679425
11/7/2019,251.199997,253,249.399994,253,245.185623,3674967
11/8/2019,254,254.399994,252.399994,254,246.154755,3823799
11/11/2019,249.800003,253.199997,244.600006,246.199997,238.595657,7858338
11/12/2019,248.600006,249,244.399994,247.399994,239.758606,4255444
11/13/2019,240,244.199997,240,242.199997,234.719208,5677552
11/14/2019,240.600006,245.199997,240.399994,242,234.525391,4304165
11/15/2019,243.600006,245,239.600006,240.800003,233.362457,3209605
11/18/2019,241,246.600006,241,245,237.432724,3368170
11/19/2019,246,252,244.199997,251.800003,244.022705,7284067
11/20/2019,250,250,247.600006,249.199997,241.503006,4472866
11/21/2019,246.199997,247.399994,243.199997,246.199997,238.595657,3844250
11/22/2019,247,248,244.600006,245.800003,238.208038,2788059
11/25/2019,249.199997,252.800003,247,249.600006,241.890671,5859970
11/26/2019,254,254.199997,247.399994,248.600006,240.921555,3843619
11/27/2019,249,249.600006,247,248.199997,240.53389,2664183
11/28/2019,245.399994,251,245.399994,250.399994,242.665924,3312654
11/29/2019,246.199997,250,246.199997,247.199997,239.564774,4082342
12/2/2019,248,249.199997,247.399994,247.600006,239.952423,3412698
12/3/2019,247.199997,249.399994,245.199997,247.399994,239.758606,3128350
12/4/2019,246,246.600006,244.600006,245,237.432724,2908526
12/5/2019,246.199997,247,243.399994,244,236.463623,1961298
12/6/2019,246,247.800003,245,247.600006,239.952423,2809842
12/9/2019,246.399994,248.199997,245.399994,246.800003,239.177139,1801287
12/10/2019,247,247.199997,244.399994,245.399994,237.820374,1776040
12/11/2019,244,245.800003,241,245.800003,238.208038,3154389
12/12/2019,248,251.800003,247,249.800003,242.084473,5052908
12/13/2019,253,255.399994,251.600006,255.399994,247.511505,7323135
12/16/2019,253.800003,254.600006,251.399994,251.800003,244.022705,2700134
12/17/2019,250.800003,257.799988,250.800003,256.600006,248.674454,5239678
12/18/2019,257.799988,259.799988,255,257.600006,249.64357,4246874
12/19/2019,257.799988,258,254,255,247.123871,2999820
12/20/2019,255,256.399994,253.399994,256.399994,248.480621,6306235
12/23/2019,257.399994,257.600006,254.199997,255.800003,247.899155,2917476
12/24/2019,255.399994,256,251.600006,253.399994,245.573288,1936533
12/27/2019,254.800003,257.600006,254.199997,256.799988,248.868271,2508285
12/30/2019,257,258.799988,255,256.200012,248.286819,3355919
12/31/2019,256,256.399994,252.199997,253,245.185623,1901889
